name	affiliations_count	affiliations
Abed Akram H.	2	University of Technology, Baghdad, Iraq University of Technology Baghdad Iraq | Ural Federal University
Akter Yasmin	2	Department of Nuclear Science and Engineering, Military Institute of Science and Technology, Dhaka, Bangladesh Military Institute of Science and Technology Dhaka Bangladesh | Department of Nuclear Science & Engineering, Military Institute of Science and Technology, Dhaka, Bangladesh Military Institute of Science and Technology Dhaka Bangladesh
Andrianov Andrei A.	2	IATE MEPhI | National Research Nuclear University MEPhI
Andrianov Andrey A.	2	IATE MEPhI | National Research Nuclear University MEPhI
Andrianova Olga N.	2	IATE MEPhI | JSC "SSC RF-IPPE n.a. A.I. Leypunsky"
Arkadov Gennady V.	2	JSC Scientific and Technical Center Diaprom | Non-Profit Partnership for Promoting the Development of System Engineering “Rise”
Avdeenkov Alexandr V.	2	JSC "SSC RF-IPPE n.a. A.I. Leypunsky" | VNIIAES JSC
Bakanov Mikhail V.	2	Beloyarsk AtomEnergoRepair | JSC "Rosenergoatom Concern"
Bakhantsov Kirill A.	2	IATE MEPhI | JSC "SSC RF-IPPE n.a. A.I. Leypunsky"
Barbin Nikolay M.	3	Ural Federal University | Ural Institute of GPS EMERCOM of Russia | Ural State Agrarian University
Chekin Sergey Yu.	2	A.Tsyb Medical Radiological Research Centre-branch of the National Medical Research Radiological Centre, Ministry of Helath of the Russian Federation | P. Ramzaev FSO Research Institute of Radiation Hygiene
Cherepnin Yuriy S.	2	National Research University Moscow Power Engineering Institute | NIKIET JSC
Chusov Igor A.	3	IATE MEPhI | National Research Nuclear University MEPhI | OKB Gidropress JSC
El Banni Fadi	2	IREN, Nangui Abrogoua University, Abidjan, Cote d’Ivoire Nangui Abrogoua University Abidjan Cote d'Ivoire | National Center for Energy, Sciences and Nuclear Technique, Rabat, Morocco
Evdokimov Igor A.	2	JSC “RF SRC Troitsk Institute for Innovative and Thermonuclear Research” | State Research Center of the Russian Federation “Troitsk Institute for Innovation & Fusion Research”
Fardin Mehraz Zaman	2	Department of Nuclear Science and Engineering, Military Institute of Science and Technology, Dhaka, Bangladesh Military Institute of Science and Technology Dhaka Bangladesh | Department of Nuclear Science & Engineering, Military Institute of Science and Technology, Dhaka, Bangladesh Military Institute of Science and Technology Dhaka Bangladesh
Frolov Igor E.	2	Institute of Economic Forecasting, Russian Academy of Sciences | National Research Nuclear University MEPhI
Gabaraev Boris A.	2	National Research University Moscow Power Engineering Institute | NIKIET JSC
Gulina Olga M.	2	OKB Gidropress JSC | VNIIAES JSC
Karpovich Gleb W.	3	IATE MEPhI | Instrumental Enterprise Signal PJSC | OKB Gidropress JSC
Katser Iurii D.	2	Cifrum – Nuclear Industry Digitalization Support, Private Enterprise | Skolkovo Institute of Science and Technology
Ketlerov Vladimir V.	2	JSC "SSC RF-IPPE n.a. A.I. Leypunsky" | VNIIAES JSC
Kharanzhevskiy Evgeny V.	2	OJSC “ELECOND” | Udmurt State University
Kharanzhevsky Yevgeny V.	2	JSC “ELEKOND” | Udmurt State University
Khnykina Ekaterina S.	2	IATE MEPhI | JSC "SSC RF-IPPE n.a. A.I. Leypunsky"
Kishkin Vladimir L.	2	FSUE VNIIA | National Research Nuclear University MEPhI
Kolesov Valery V.	4	IATE MEPhI | Karpov Institute of Physical Chemistry | National Research Center "Kurchatov Institute" | National Research Nuclear University MEPhI
Korovin Yury A.	2	IATE MEPhI | National Research Nuclear University MEPhI
Kotsoyev Konstantin I.	3	Bauman Moscow State Technical University | KVANT PROGRAMM Ltd | KVANT PROGRAMM LTD
Kozitsin Vyacheslav O.	2	Cifrum – Nuclear Industry Digitalization Support, Private Enterprise | Skolkovo Institute of Science and Technology
Kozlov Ilya	2	National Research Center "Kurchatov Institute" | National Research Nuclear University MEPhI
Kremlyova Vladlena S.	2	IATE MEPhI | JSC "SSC RF-IPPE n.a. A.I. Leypunsky"
Kuleshova Evgenia A.	2	National Research Center "Kurchatov Institute" | National Research Nuclear University MEPhI
Kulikov Evgeny G.	2	National Research Nuclear University MEPhI | ROSATOM State Atomic Energy Corporation
Kulikov Gennady G.	2	National Research Nuclear University MEPhI | ROSATOM State Atomic Energy Corporation
Kuptsov Ilya S.	2	IATE MEPhI | National Research Nuclear University MEPhI
Kurachenko Yury A.	2	JSC "SSC RF-IPPE n.a. A.I. Leypunsky" | Russian Institute of Radiology and Agroecology, RIRAE
Kushnir Nikita O.	2	IATE MEPhI | National Research Center "Kurchatov Institute"
Kuzmina Irina B.	2	REIN Engineering JSC | REIN Engineering, JSC
Kuznetsov Vladimir K.	2	National Research Center "Kurchatov Institute" | Russian Research Institute for Radiology and Agroecology
Lapin Anton S.	2	National Research Center "Kurchatov Institute" | National Research Nuclear University MEPhI
Lebedev Viktor P.	2	JSC “ELEKOND” | OJSC “ELECOND”
Li Jiayu	2	College of Nuclear Science and Technology, Harbin Engineering University | Radioactive Waste Technology and Radiochemistry Research Department, China Nuclear Power Technology Research Institute, Shenzhen, China Radioactive Waste Technology and Radiochemistry Research Department, China Nuclear Power Technology Research Institute Shenzhen China
Likhanskii Vladimir V.	2	National Research Center "Kurchatov Institute" | State Research Center of the Russian Federation “Troitsk Institute for Innovation & Fusion Research”
Lutsik Igor O.	3	National Research Tomsk Polytechnic University | OKB Gidropress JSC | Siberian Chemical Plant JSC
Makeyeva Inga R.	2	Russian Federal Nuclear Center - Zababakhin All-Russia Research Institute of Technical Physics | South Ural State University
Maksimov Ivan V.	2	Cifrum – Nuclear Industry Digitalization Support, Private Enterprise | “KVANT PROGRAMM” LTD
Melnikov, A. V.	3	Moscow Institute of Physics and Technology | National Research Center "Kurchatov Institute" | National Research Nuclear University MEPhI
Mikhalev Aleksandr V.	3	Atomenergoproekt JSC | IATE MEPhI | National Research University Moscow Power Engineering Institute
Mikhin Stepan A.	2	IATE MEPhI | JSC "SSC RF-IPPE n.a. A.I. Leypunsky"
Mollah Abdus Sattar	2	Department of Nuclear Science and Engineering, Military Institute of Science and Technology, Dhaka, Bangladesh Military Institute of Science and Technology Dhaka Bangladesh | Department of Nuclear Science & Engineering, Military Institute of Science and Technology, Dhaka, Bangladesh Military Institute of Science and Technology Dhaka Bangladesh
Onishchyuk Elena A.	2	IATE MEPhI | Rosatom Technical Academy
Orlov Alexander I.	2	JSC "Proryv" | JSC "SSC RF-IPPE n.a. A.I. Leypunsky"
Osipova Tatiana A.	3	IATE MEPhI | National Research Nuclear University MEPhI | RIAR JSC
Padun Sergey P.	2	Innovative Company SNIIPATOM Joint Stock Company | LLC Innovative Firm SNIIP ATOM
Parkhomchuk Ekaterina V.	2	AMS “Golden Valley”, Novosibirsk State University | Institute of Archeology and Ethnography SB RAS
Pavlov Sergey V.	2	National Research Nuclear University MEPhI | Sosny R&D Company
Perevezentsev Vladimir V.	2	Bauman Moscow State Technical University | NIKIET JSC
Pisarev Alexander N.	2	IATE MEPhI | National Research Center "Kurchatov Institute"
Podgorny Sergey K.	2	Branch of IDGC of the South, PJSC – Volgogradenergo | Branch of PJSC “Rosseti Yug” – Volgogradenergo
Portnykh Irina A.	2	INM JSC PO Box 29, Zarechny, Sverdlovsk reg. | Research Institute of Nuclear Materials
Rachkov Valeriy I.	2	JSC "Proryv" | National Research Nuclear University MEPhI
Russkikh Ivan M.	2	Research Institute of Nuclear Materials JSC, Zarechny, Sverdlovsk Region, Russia Research Institute of Nuclear Materials JSC Zarechny Russia | Research Institute of Nuclear Materials JSC, Zarechny, Sverdlovsk region, Zarechny, Russia Research Institute of Nuclear Materials JSC Zarechny Russia
Said Ibrahim A.	2	Chemical Engineering Department, Faculty of Engineering, Alexandria University, Egypt Missouri University of Science and Technology Rolla United States of America | Multiphase Reactors Engineering and Applications Laboratory (mReal), Chemical and Biochemical Engineering Department, Missouri University of Science and Technology, Rolla, MO
Salnikov Nikolay L.	2	IATE MEPhI | National Research Nuclear University MEPhI
Seleznev Evgeny F.	2	LLC ASU-LEADER | Nuclear Safety Institute of the Russian Academy of Sciences
Shamsutdinov Rinat N.	2	National Research Nuclear University MEPhI | Sosny R&D Company
Shchukina Nataliya V.	2	A. Tsyb Medical Radiological Research Center – Branch of the National Medical Research Radiological Center of the Ministry of Health of the Russian Federation | A.Tsyb Medical Radiological Research Centre-branch of the National Medical Research Radiological Centre, Ministry of Helath of the Russian Federation
Stepanov Vladimir A.	3	FGBUN Interdepartmental Center for Analytical Research in the Field of Physics, Chemistry and Biology under the Presidium of the Russian Academy of Sciences | IATE MEPhI | LLC “Materials Laboratory of Obninsk Institute for Nuclear Power Engineering”
Suslov Igor R.	2	JSC "Proryv" | JSC "SSC RF-IPPE n.a. A.I. Leypunsky"
Taha Mahmoud M.	2	Chemical Engineering Department, Faculty of Engineering, Alexandria University, Egypt Missouri University of Science and Technology Rolla United States of America | Multiphase Reactors Engineering and Applications Laboratory (mReal), Chemical and Biochemical Engineering Department, Missouri University of Science and Technology, Rolla, MO
Tembhurkar Chetan	2	Centre for Research Impact and Outcome, Chitkara University, Punjab, India Chitkara University Punjab India | Department of Robotics & Artificial Intelligence, Priyadarshini College of Engineering, Nagpur, India Priyadarshini College of Engineering Nagpur India
Teplov Vadim G.	2	NIIAR JSC | RIAR JSC
Toshinsky Georgy I.	2	AKME-Engineering JSC | JSC "SSC RF-IPPE n.a. A.I. Leypunsky"
Troyanov Vladimir M.	2	JSC "Rosenergoatom Concern" | JSC "SSC RF-IPPE n.a. A.I. Leypunsky"
Vlasov Oleg K.	2	A. Tsyb Medical Radiological Research Center – Branch of the National Medical Research Radiological Center of the Ministry of Health of the Russian Federation | A.Tsyb Medical Radiological Research Centre-branch of the National Medical Research Radiological Centre, Ministry of Helath of the Russian Federation
Vnukov Ruslan A.	2	IATE MEPhI | JSC "Proryv"
Volchikhina Yulia V.	2	Research Institute of Nuclear Materials JSC, Zarechny, Sverdlovsk Region, Russia Research Institute of Nuclear Materials JSC Zarechny Russia | Ural Federal University
Volkov Ilya N.	2	A.N. Frumkin Institute of Physical Chemistry and Electrochemistry the Russian Academy of Sciences | MIREA – Russian Technological University
Voronina Aleksandra V.	2	National Research Nuclear University MEPhI | Sosny R&D Company
Zabudko Liudmila M.	2	JSC "Proryv" | NIKIET JSC
Zharkov Mikhail	2	National Research Nuclear University MEPhI | NIKIET JSC
Zvonova Irina A.	2	P. Ramzaev FSO Research Institute of Radiation Hygiene | The Saint Petersburg Research Institute of Radiation Hygiene
Zyryanova Alexandra A.	2	Research Institute of Nuclear Materials JSC, Zarechny, Sverdlovsk Region, Russia Research Institute of Nuclear Materials JSC Zarechny Russia | Research Institute of Nuclear Materials JSC, Zarechny, Sverdlovsk region, Zarechny, Russia Research Institute of Nuclear Materials JSC Zarechny Russia
Мельников, А. В.	3	Moscow Institute of Physics and Technology | National Research Center "Kurchatov Institute" | National Research Nuclear University MEPhI
