affiliation	rows
A.A. Galkin Donetsk Institute of Physics and Technology	1
Admiral Makarov State university of Maritime and Inland shipping (SUMIS)	1
Aircraft Electrical Equipment Department, Military Technical College, Cairo, Egypt Aircraft Electrical Equipment Department, Military Technical College Cairo Egypt https://ror.org/01337pb37	1
AKME-Engineering JSC	4
All-Russian Research Institute of Chemical Technology	2
AMS “Golden Valley”, Novosibirsk State University	1
A.N. Frumkin Institute of Physical Chemistry and Electrochemistry the Russian Academy of Sciences	4
A. Tsyb Medical Radiological Research Center – Branch of the National Medical Research Radiological Center of the Ministry of Health of the Russian Federation	2
A.Tsyb Medical Radiological Research Centre-branch of the National Medical Research Radiological Centre, Ministry of Helath of the Russian Federation	4
Bangladesh Atomic Energy Commission	1
Branch of IDGC of the South, PJSC – Volgogradenergo	1
Branch of MPEI in Volzhsky	2
Branch of PJSC “Rosseti Yug” – Volgogradenergo	1
Central Economics and Mathematics Institute, RAS	1
Central Laboratory for Radiological Protection (CLOR), Warsaw, Poland Central Laboratory for Radiological Protection (CLOR) Warsaw Poland	1
Centre for Research Impact and Outcome, Chitkara University, Punjab, India Chitkara University Punjab India	1
Chairman of the Board of Directors, Nuclear Power Plants Authority, Cairo, Egypt Chairman of the Board of Directors, Nuclear Power Plants Authority Cairo Egypt	1
Chemical Engineering Department, Faculty of Engineering, Alexandria University, Egypt Missouri University of Science and Technology Rolla United States of America	2
China Institute of Atomic Energy, Beijing	7
Cifrum – Nuclear Industry Digitalization Support, Private Enterprise	4
College of Nuclear Science and Technology, Harbin Engineering University	1
CRAMS: Center for Research in Applied Mathematics and Statistics , AUL, Cola, Beirut, Lebanon CRAMS: Center for Research in Applied Mathematics and Statistics Beirut Lebanon	1
Department of Electrical and Electronic Engineering, Faculty of Engineering, Near East University, Lefkosa, TRNC, Turkey Near East University Lefkosa Turkey	1
Department of Geology & Geoenvironment, National and Kapodistrian University of Athens, Zografou Campus	2
Department of Mechanical Engineering, Yeshwantrao Chavan College of Engineering, Nagpur, India Yeshwantrao Chavan College of Engineering Nagpur India	2
Department of Medical Radiation Engineering, Science and Research Branch, Islamic Azad University, Tehran, Iran Islamic Azad University Tehran Iran	2
Department of Nuclear Engineering, University of Dhaka	3
Department of Nuclear Engineering, University of Dhaka, Dhaka, Bangladesh University of Dhaka Dhaka Bangladesh	1
Department of Nuclear Safety Engineering, Faculty of Science and Engineering, Tokyo City University	1
Department of Nuclear Science and Engineering, Military Institute of Science and Technology, Dhaka, Bangladesh Military Institute of Science and Technology Dhaka Bangladesh	4
Department of Nuclear Science & Engineering, Military Institute of Science and Technology, Dhaka, Bangladesh Military Institute of Science and Technology Dhaka Bangladesh	4
Department of Physics, Faculty of Arts and Sciences, Najran University, Najran, Saudi Arabia Najran University Najran Saudi Arabia	1
Department of Physics, National and Kapodistrian University of Athens, Zografou Campus	9
Department of Physics, Oda Bultum University, Chiro, Ethiopia Oda Bultum University Chiro Ethiopia https://ror.org/05j2hty04	1
Department of Political Science, Indiana University, Bloomington	1
Department of Robotics & Artificial Intelligence, Priyadarshini College of Engineering, Nagpur, India Priyadarshini College of Engineering Nagpur India	1
Dosing, Analysis and Characterization in High Resolution Laboratory, Ferhat ABBAS	1
Electricite De France (EDF), EDF Lab Paris-Saclay	3
Electric Power and Energy Department, Military Technical College, Cairo, Egypt Electric Power and Energy Department, Military Technical College Cairo Egypt https://ror.org/01337pb37	1
Experimental Scientific Research and Methodology Center “Simulation Systems” (SSL)	5
Experimental Scientific Research and Methodology Center “Simulation Systems” (SSL) 133 Lenin st., Obninsk, Kaluga reg.	1
Faculty of Chemistry, Lomonosov Moscow State University	2
Faculty of Engineering and Architecture, Erzincan Binali Yıldırım University, Erzincan, Turkiye	1
Faculty of Engineering, University of Kyrenia, Girne, North Cyprus	1
FSBSI “Research Institute of General Pathology and Pathophysiology”	1
FSFEI Voronezh State Technical University	1
Fuel Cycle Studies Section, Reactor Physics Design Division, Bhabha Atomic Research Centre, Mumbai, India Bhabha Atomic Research Centre Mumbai India	2
GRS, Munich, Germany GRS Munich Germany	1
Higher Technological Institute, 10th of Ramadan City	1
Idaho National Laboratory, Idaho Falls, USA Idaho National Laboratory Idaho Falls United States of America	1
INM JSC PO Box 29, Zarechny, Sverdlovsk reg.	4
Innovative Company SNIIPATOM Joint Stock Company	3
Institute for Neutron Physics and Reactor Technology, Karlsruhe Institute of Technology (KIT)	2
Institute of Archeology and Ethnography SB RAS	1
Institute of Atomic Energy of the Republican State Enterprise National Nuclear Center of the Republic of Kazakhstan (NNC RK)	4
Institute of Economic Forecasting, Russian Academy of Sciences	1
Institute of Industrial Ecology of the Ural Branch of the Russian Academy of Sciences	1
Institute of North Industrial Ecology Problems, Federal Research Center of the Kola Scientific Center (INEP KSC RAS), 14а, Akademgorodok	1
Institute of Nuclear Power Engineering, Bangladesh University of Engineering and Technology	1
Institute of Plant and Animal Ecology, Ural Branch of the RAS	1
Instrumental Enterprise Signal PJSC	1
IREN, Nangui Abrogoua University, Abidjan, Cote d’Ivoire Nangui Abrogoua University Abidjan Cote d'Ivoire	1
Ivanovo State Power University n.a. V.I. Lenin	9
Joint Institute for High Temperatures of Russian Academy of Sciences, Moscow, Russia Joint Institute for High Temperatures of Russian Academy of Sciences Moscow Russia	4
Joint Stock Company “State Specialized Design Institute”	1
JRTR	1
JSC ASE EC	1
JSC “ELEKOND”	2
JSC “Engineering Center of Nuclear Containers”	1
JSC Institute of Nuclear Materials	1
JSC Institute of Reactor Materials	2
JSC NIITFA	2
JSC “ORPE “Teсhnologiya” n.a. A.G. Romashin”	4
JSC “Pilot and Demonstration Center for Decommissioning of Uranium-Graphite Nuclear Reactors”	7
JSC Polzunov Scientific and Production Association for the Research and Design of Power Equipment	5
JSC “RF SRC Troitsk Institute for Innovative and Thermonuclear Research”	3
JSC “Rusatom Automated control systems”	3
JSC “The Institute in Physical - Technical Problems”	2
JSC “TVEL”	2
Keldysh Institute of Applied Mathematics, Russian Academy of Sciences	3
“KVANT PROGRAMM” LTD	1
KVANT PROGRAMM LTD	4
KVANT PROGRAMM Ltd	1
Laboratory for Advanced Nuclear Energy, Institute of Innovative Research, Tokyo Institute of Technology	3
Laboratory of Radiation-environmental Informatics, A. Tsyb MRRC, (Dr.Sci.Tech.), Kaluga, Russia Laboratory of Radiation-environmental Informatics, A. Tsyb MRRC, (Dr.Sci.Tech.) Kaluga Russia	1
LASMES, SSMT, Félix Houphouet Boigny University, Abidjan, Cote d’Ivoire Félix Houphouet Boigny University Abidjan Cote d'Ivoire	1
Leading Scientific Research Institute of Chemical Technology JSC	5
LLC ASU-LEADER	5
LLC Innovative Firm SNIIP ATOM	4
LLC “Materials Laboratory of Obninsk Institute for Nuclear Power Engineering”	1
LLC Protius	2
LUCH Research and Production Association, Research and Development Institute, Joint-Stock Company	3
Melentiev Energy Systems Institute, Siberian Branch of the Russian Academy of Sciences (ISEM SB RAS)	2
MINES ParisTech	1
Mining and Nuclear Engineering Department, Missouri University of Science and Technology, Rolla, MO	2
Mining Institute of the Kola Science Centre of the RAS	1
Ministry of Interior, Disaster and Emergency Management Presidency, Ankara, Turkiye	1
MIREA – Russian Technological University	2
MPEI Branch in Volzhsky	2
Multiphase Reactors Engineering and Applications Laboratory (mReal), Chemical and Biochemical Engineering Department, Missouri University of Science and Technology, Rolla, MO	3
National Center for Energy, Sciences and Nuclear Technique, Rabat, Morocco	1
National Operator for Radioactive Waste management FSUE	1
National Research Nuclear University Moscow Engineering Physics Institute, Kashirskoe sh.	1
National Research University Higher School of Economics	3
National Research University MIPT	1
National University of Science and Technology MISIS	1
NIIAR JSC	3
Non-Profit Partnership for Promoting the Development of System Engineering “Rise”	1
NUST MISiS	1
OJSC “ELECOND”	2
OON NTP “DIP”	1
ORLAN LLC	1
ORPE Technologiya n.a. A.G. Romashin	1
Peter the Great St. Petersburg Polytechnic University	1
Physics Department, Faculty of Education, Ain Shams University	3
Physics department, Faculty of Sciences, Ferhat ABBAS	2
Plasma Science Society of India (PSSI), Bhat	1
P. Ramzaev FSO Research Institute of Radiation Hygiene	2
P. Ramzaev Research Institute of Radiation Hygiene, Saint-Petersburg, Russia P. Ramzaev Research Institute of Radiation Hygiene Saint-Petersburg Russia	2
PRESN, Faculty of Sciences, Mohamed V University, Rabat, Morocco Mohamed V University Rabat Morocco	1
Private Institution «Atomstandart»	1
Radioactive Waste Technology and Radiochemistry Research Department, China Nuclear Power Technology Research Institute, Shenzhen, China Radioactive Waste Technology and Radiochemistry Research Department, China Nuclear Power Technology Research Institute Shenzhen China	3
REIN Engineering JSC	1
REIN Engineering, JSC	1
Republic of Turkey Northeast Anatolia Development Agency, Erzincan, Turkiye	1
Research and Development Department, Nuclear Power Plants Authority, Cairo, Egypt Research and Development Department, Nuclear Power Plants Authority Cairo Egypt	1
Research Center for Nuclear Reactor Technology, Research Organization for Nuclear Energy, National Research and Innovation Agency of Indonesia, Tangerang Selatan	2
Research Institute of Nuclear Materials	6
Research Institute of Nuclear Materials JSC, Zarechny, Sverdlovsk Region, Russia Research Institute of Nuclear Materials JSC Zarechny Russia	3
Research Institute of Nuclear Materials JSC, Zarechny, Sverdlovsk region, Zarechny, Russia Research Institute of Nuclear Materials JSC Zarechny Russia	4
Rosatom Technical Academy	2
Russian Institute of Radiology and Agroecology, RIRAE	1
Russian Research Institute for Radiology and Agroecology	7
Saint-Petersburg State Institute of Technology (Technical University)	3
Saint Petersburg State Institute of Technology (Technical University) 26	2
School of National Defense & Nuclear Science and Technology, Southwest University of Science and Technology, Mian yang	2
Sevastopol State University	1
Siberian Chemical Plant JSC	2
South Ural State University	1
SRC – Burnasyan Federal Medical Biophysical Center of Federal Medical Biological Agency	3
Startech Co. Ltd.	1
State Research Center of the Russian Federation “Troitsk Institute for Innovation & Fusion Research”	3
TESIS Ltd.	3
The Saint Petersburg Research Institute of Radiation Hygiene	1
Tsyb Medical Radiological Research Center – Branch of the National Medical Research Radiological Center of the Ministry of Health of the Russian Federation	4
Udmurt State University	2
University of Dhaka, Dhaka, Bangladesh University of Dhaka Dhaka Bangladesh	1
University of Pisa, Pisa, Italy University of Pisa Pisa Italy	2
University of Technology, Baghdad, Iraq University of Technology Baghdad Iraq	1
University of Zagreb, Zagreb, Croatia University of Zagreb Zagreb Croatia	1
Ural Institute of GPS EMERCOM of Russia	4
Ural State Agrarian University	1
